UDC Code,Description,Example Title 1,Example Title 2,Example Title 3
"0","Generalities. Science and knowledge. Organization. Information. Documentation. Librarianship. Institutions. Publications","Generalities","Handbook of generalities","Generalities in India"
"001","Science and knowledge in general. Organization of intellectual work","Science and knowledge in general","Essence of knowledge","Organization of knowledge"
"001.8","Methodology","Methodology","Handbook of methodology","Methodology in India"
"01","Bibliography and bibliographies. Catalogues","Bibliography and bibliographies","Handbook of bibliography and bibliographies","Bibliography and bibliographies in India"
"1","Philosophy. Psychology","Philosophy","Handbook of philosophy","Philosophy in India"
"002","Documentation. Books. Writings. Authorship","Documentation","Handbook of documentation","Documentation in India"
"02","Librarianship","Librarianship","Handbook of librarianship","Librarianship in India"
"2","Religion. Theology","Religion","Handbook of religion","Religion in India"
"2-674","UDC 2-674 - 2 class subdivision","Study of 2-674","Handbook of 2-674","2-674 in India"
"003","Writing systems and scripts","Writing systems and scripts","Handbook of writing systems and scripts","Writing systems and scripts in India"
"03","General reference works. Encyclopaedias","General reference works","Handbook of general reference works","General reference works in India"
"3","Social sciences. Statistics. Politics. Economics. Law. Education","Social sciences","Handbook of social sciences","Social sciences in India"
"3/.5","Pencils","Pencils","Handbook of pencils","Pencils in India"
"004","Computer science and technology","Computer science and technology","Handbook of computer science and technology","Computer science and technology in India"
"04","Essays","Essays","Handbook of essays","Essays in India"
"4","Vacant (formerly Philology. Linguistics)","Vacant (formerly Philology","Handbook of vacant (formerly philology","Vacant (formerly Philology in India"
"005","Study methods","Study methods","Handbook of study methods","Study methods in India"
"05","Serial publications. Periodicals","Serial publications","Handbook of serial publications","Serial publications in India"
"5","Mathematics. Natural sciences","Mathematics","Handbook of mathematics","Mathematics in India"
"006","UDC 006 - 0 class subdivision","Study of 006","Handbook of 006","006 in India"
"06","Organizations. Associations. Museums","Organizations","Handbook of organizations","Organizations in India"
"6","Applied sciences. Medicine. Technology","Applied sciences","Handbook of applied sciences","Applied sciences in India"
"007","Activity and organizing. Communication and control theory","Activity and organizing","Handbook of activity and organizing","Activity and organizing in India"
"07","Newspapers. The Press. Journalism","Newspapers","Handbook of newspapers","Newspapers in India"
"7","Arts. Entertainment. Sport","Arts and entertainment","History of arts","Encyclopedia of arts"
"008","UDC 008 - 0 class subdivision","Study of 008","Handbook of 008","008 in India"
"08","Collective works. Polygraphy","Collective works","Handbook of collective works","Collective works in India"
"8","Language. Linguistics. Literature","Language","Handbook of language","Language in India"
"009.18","Relations with public authorities","Relations with public authorities","Handbook of relations with public authorities","Relations with public authorities in India"
"09","Manuscripts. Rare and remarkable works","Manuscripts","Handbook of manuscripts","Manuscripts in India"
"9","Geography. Biography. History","Geography","Handbook of geography","Geography in India"
"11","Metaphysics","Metaphysics","Handbook of metaphysics","Metaphysics in India"
"13","Philosophy of mind and spirit. Metaphysics of spiritual life","Philosophy of mind and spirit","Handbook of philosophy of mind and spirit","Philosophy of mind and spirit in India"
"14","Philosophical systems","Philosophical systems","Handbook of philosophical systems","Philosophical systems in India"
"16","Logic. Epistemology. Theory of knowledge","Logic","Handbook of logic","Logic in India"
"17","Ethics. Moral philosophy","Ethics","Handbook of ethics","Ethics in India"
"18","UDC 18 - 1 class subdivision","Study of 18","Handbook of 18","18 in India"
"19.24","Statistical probability calculation","Statistical probability calculation","Handbook of statistical probability calculation","Statistical probability calculation in India"
"21","Natural theology. Theodicy","Natural theology","Handbook of natural theology","Natural theology in India"
"22","The Bible. Holy Scripture","The Bible","Handbook of the bible","The Bible in India"
"22-27","UDC 22-27 - 2 class subdivision","Study of 22-27","Handbook of 22-27","22-27 in India"
"22/28","The Christian Religion","The Christian Religion","Handbook of the christian religion","The Christian Religion in India"
"23","Dogmatic theology","Dogmatic theology","Handbook of dogmatic theology","Dogmatic theology in India"
"24","Practical theology","Practical theology","Handbook of practical theology","Practical theology in India"
"025.3","Cataloguing","Cataloguing","Handbook of cataloguing","Cataloguing in India"
"025.4","Classification and indexing","Classification and indexing","Handbook of classification and indexing","Classification and indexing in India"
"25","Pastoral theology","Pastoral theology","Handbook of pastoral theology","Pastoral theology in India"
"26","Christian church","Christian church","Handbook of christian church","Christian church in India"
"27","History of the Christian church","History of the Christian church","Handbook of history of the christian church","History of the Christian church in India"
"28","Christian churches; sects; denominations","Christian churches, sects, denominations","Handbook of christian churches, sects, denominations","Christian churches, sects, denominations in India"
"29","Non-Christian religions","Non-Christian religions","Handbook of non-christian religions","Non-Christian religions in India"
"30","General sociology","General sociology","Handbook of general sociology","General sociology in India"
"31","Statistics. Demography","Statistics","Handbook of statistics","Statistics in India"
"32","Politics. Political science","Politics","Handbook of politics","Politics in India"
"33","Economics. Economic science","Economics","Handbook of economics","Economics in India"
"34","Law. Jurisprudence","Study of 34","Introduction to 34",""
"35","Public administration. Government. Military affairs","Public administration","Handbook of public administration","Public administration in India"
"35/.36","Drawing paper","Drawing paper","Handbook of drawing paper","Drawing paper in India"
"36","Social welfare. Social work. Social security","Social welfare","Handbook of social welfare","Social welfare in India"
"37","Education. Pedagogy","Education","Handbook of education","Education in India"
"38","Commerce. Trade. Transport. Communication","Commerce","Handbook of commerce","Commerce in India"
"039","Tclccom01Uniclltion","Tclccom01Uniclltion","Handbook of tclccom01uniclltion","Tclccom01Uniclltion in India"
"39","Cultural anthropology. Ethnography. Folklore","Cultural anthropology","Handbook of cultural anthropology","Cultural anthropology in India"
"40","General Qu","General Qu","Handbook of general qu","General Qu in India"
"041/.42","Intersection andtravcrsing","Intersection andtravcrsing","Handbook of intersection andtravcrsing","Intersection andtravcrsing in India"
"41","General Philology and Linguistics -","General Philology and Linguistics -","Handbook of general philology and linguistics -","General Philology and Linguistics - in India"
"42","Western languages in general","Western languages in general","Handbook of western languages in general","Western languages in general in India"
"42/49","Languages and Dialects","Languages and Dialects","Handbook of languages and dialects","Languages and Dialects in India"
"43","Germanic languages","Germanic languages","Handbook of germanic languages","Germanic languages in India"
"44","Romance languages in general","Romance languages in general","Handbook of romance languages in general","Romance languages in general in India"
"45","Italian","Italian","Handbook of italian","Italian in India"
"46","Spanish","Spanish","Handbook of spanish","Spanish in India"
"47","Latin and Greek","Latin and Greek","Handbook of latin and greek","Latin and Greek in India"
"48","Arsenic; antimony; bismuth (-ites; oates)","Arsenic, antimony, bismuth (-ites, oates)","Handbook of arsenic, antimony, bismuth (-ites, oates)","Arsenic, antimony, bismuth (-ites, oates) in India"
"49","Oriental; African and other languages","Oriental, African and other languages","Handbook of oriental, african and other languages","Oriental, African and other languages in India"
"050","UDC 050 - 0 class subdivision","Study of 050","Handbook of 050","050 in India"
"051","Compression of air and gases","Compression of air and gases","Handbook of compression of air and gases","Compression of air and gases in India"
"51","Mathematics","Introduction to mathematics","Advanced mathematics handbook","Mathematical analysis"
"52","Astronomy. Astrophysics. Geodesy","Astronomy and astrophysics","Introduction to stars and planets","Handbook of astronomy"
"53","Physics","Physics textbook","Quantum physics","Handbook of physics"
"54","Chemistry. Crystallography. Mineralogy","Chemistry textbook","Organic chemistry","Handbook of chemistry"
"055.2","Women's auxiliary (army) corps","Women's auxiliary (army) corps","Handbook of women's auxiliary (army) corps","Women's auxiliary (army) corps in India"
"55","Earth sciences. Geology. Meteorology","Earth sciences","Handbook of earth sciences","Earth sciences in India"
"56","Palaeontology","Palaeontology","Handbook of palaeontology","Palaeontology in India"
"57","Biological sciences","Biological sciences","Handbook of biological sciences","Biological sciences in India"
"58","Botany","Botany of India","Handbook of botany","Plant science in Punjab"
"59","Zoology","Zoology handbook","Systematic zoology","Animal biology"
"61","Medicine. Medical sciences","Medical science handbook","Textbook of medicine","Human anatomy"
"62","Engineering. Technology in general","Engineering principles","Mechanical engineering","Handbook of engineering"
"63","Agriculture. Forestry. Animal husbandry","Agriculture in Punjab","Farming techniques in India","Handbook of agriculture"
"64","Domestic science. Housekeeping","Domestic science","Handbook of domestic science","Domestic science in India"
"65","Management. Business organization","Management","Handbook of management","Management in India"
"66","Chemical technology. Chemical industry","Chemical technology","Handbook of chemical technology","Chemical technology in India"
"67","Various industries and trades","Various industries and trades","Handbook of various industries and trades","Various industries and trades in India"
"67/68","Manufactures","Manufactures","Handbook of manufactures","Manufactures in India"
"68","Manufacture for final use","Manufacture for final use","Handbook of manufacture for final use","Manufacture for final use in India"
"69","Building. Construction","Building","Handbook of building","Building in India"
"070","UDC 070 - 0 class subdivision","Study of 070","Handbook of 070","070 in India"
"71","Physical planning. Regional planning. Town planning. Landscape","Physical planning","Handbook of physical planning","Physical planning in India"
"72","Architecture","Architecture of India","History of architecture","Handbook of architecture"
"73","Sculpture","Sculpture","Handbook of sculpture","Sculpture in India"
"74","Drawing. Design. Applied arts","Drawing","Handbook of drawing","Drawing in India"
"75","Painting","Painting","Handbook of painting","Painting in India"
"76","Graphic arts. Engraving. Prints","Graphic arts","Handbook of graphic arts","Graphic arts in India"
"77","Photography. Cinematography","Photography","Handbook of photography","Photography in India"
"78","Music","Music theory","History of Indian music","Handbook of music"
"78.073","Amateur musicmaking","Amateur musicmaking","Handbook of amateur musicmaking","Amateur musicmaking in India"
"79","Entertainment. Recreation. Games. Sport","Entertainment","Handbook of entertainment","Entertainment in India"
"80","Generalities","Generalities","Handbook of generalities","Generalities in India"
"81","Linguistics. Languages","Linguistics","Handbook of linguistics","Linguistics in India"
"82","Literature in general. Belles-lettres","Literature anthology","World literature","Introduction to literature"
"82-1","UDC 82-1 - 8 class subdivision","Study of 82-1","Handbook of 82-1","82-1 in India"
"82-2","UDC 82-2 - 8 class subdivision","Study of 82-2","Handbook of 82-2","82-2 in India"
"82-3","UDC 82-3 - 8 class subdivision","Study of 82-3","Handbook of 82-3","82-3 in India"
"84","Romance literature","Romance literature","Handbook of romance literature","Romance literature in India"
"86","Spanish literature","Spanish literature","Handbook of spanish literature","Spanish literature in India"
"87","Classical; Latin and Greek literature","Classical, Latin and Greek literature","Handbook of classical, latin and greek literature","Classical, Latin and Greek literature in India"
"88","Slavonic literatlll'e","Slavonic literatlll'e","Handbook of slavonic literatlll'e","Slavonic literatlll'e in India"
"89","Oriental; African and other literature","Oriental, African and other literature","Handbook of oriental, african and other literature","Oriental, African and other literature in India"
"91","Geography. Exploration","Geography","Handbook of geography","Geography in India"
"92","Biography","Biography","Handbook of biography","Biography in India"
"93","History","History","Handbook of history","History in India"
"93/99","History","History","Handbook of history","History in India"
"94","General history. World history","World history","History textbook","General history"
"94(410)","UDC 94(410) - 9 class subdivision","Study of 94(410)","Handbook of 94(410)","94(410) in India"
"94(540)","History of India","History of India","Indian history handbook","History of ancient India"
"94(540.23)","UDC 94(540.23) - 9 class subdivision","Study of 94(540.23)","Handbook of 94(540.23)","94(540.23) in India"
"94(73)","UDC 94(73) - 9 class subdivision","Study of 94(73)","Handbook of 94(73)","94(73) in India"
"97","Hammers and hammering","Hammers and hammering","Handbook of hammers and hammering","Hammers and hammering in India"
"111","UDC 111 - 1 class subdivision","Study of 111","Handbook of 111","111 in India"
"122","UDC 122 - 1 class subdivision","Study of 122","Handbook of 122","122 in India"
"122/129","Special metaphysics","Special metaphysics","Handbook of special metaphysics","Special metaphysics in India"
"159.9","Psychology","Psychology","Handbook of psychology","Psychology in India"
"291","UDC 291 - 2 class subdivision","Study of 291","Handbook of 291","291 in India"
"292","UDC 292 - 2 class subdivision","Study of 292","Handbook of 292","292 in India"
"294.3","Buddhism","Buddhism","Handbook of buddhism","Buddhism in India"
"294.4","UDC 294.4 - 2 class subdivision","Study of 294.4","Handbook of 294.4","294.4 in India"
"294.5","Hinduism","Hinduism","Handbook of hinduism","Hinduism in India"
"294.6","Sikhism","Sikhism","Handbook of sikhism","Sikhism in India"
"296","UDC 296 - 2 class subdivision","Study of 296","Handbook of 296","296 in India"
"297","Islam","Islam","Handbook of islam","Islam in India"
"301","Sociology","Sociology","Handbook of sociology","Sociology in India"
"302","UDC 302 - 3 class subdivision","Study of 302","Handbook of 302","302 in India"
"303","UDC 303 - 3 class subdivision","Study of 303","Handbook of 303","303 in India"
"304","UDC 304 - 3 class subdivision","Study of 304","Handbook of 304","304 in India"
"321","UDC 321 - 3 class subdivision","Study of 321","Handbook of 321","321 in India"
"324","Elections","Elections","Handbook of elections","Elections in India"
"325","UDC 325 - 3 class subdivision","Study of 325","Handbook of 325","325 in India"
"327","International relations. Foreign policy. Foreign affairs","Foreign relations between India and USA","International relations in modern world","Diplomacy and foreign policy"
"327(540)","UDC 327(540) - 3 class subdivision","Study of 327(540)","Handbook of 327(540)","327(540) in India"
"327(73)","UDC 327(73) - 3 class subdivision","Study of 327(73)","Handbook of 327(73)","327(73) in India"
"330","UDC 330 - 3 class subdivision","Study of 330","Handbook of 330","330 in India"
"331","UDC 331 - 3 class subdivision","Study of 331","Handbook of 331","331 in India"
"331.88","Mineworkers' union organization","Mineworkers' union organization","Handbook of mineworkers' union organization","Mineworkers' union organization in India"
"332","UDC 332 - 3 class subdivision","Study of 332","Handbook of 332","332 in India"
"333","UDC 333 - 3 class subdivision","Study of 333","Handbook of 333","333 in India"
"336.24/.25","Various taxes and levies","Various taxes and levies","Handbook of various taxes and levies","Various taxes and levies in India"
"341","UDC 341 - 3 class subdivision","Study of 341","Handbook of 341","341 in India"
"342","UDC 342 - 3 class subdivision","Study of 342","Handbook of 342","342 in India"
"347.91/.95.","Cf Trials","Cf Trials","Handbook of cf trials","Cf Trials in India"
"372","Primary education","Primary education","Handbook of primary education","Primary education in India"
"373","Secondary education","Secondary education","Handbook of secondary education","Secondary education in India"
"378","Higher education. University","Higher education","Handbook of higher education","Higher education in India"
"464/.465","Acetate","Acetate","Handbook of acetate","Acetate in India"
"502","UDC 502 - 5 class subdivision","Study of 502","Handbook of 502","502 in India"
"502/504","UDC 502/504 - 5 class subdivision","Study of 502/504","Handbook of 502/504","502/504 in India"
"504","UDC 504 - 5 class subdivision","Study of 504","Handbook of 504","504 in India"
"512","UDC 512 - 5 class subdivision","Study of 512","Handbook of 512","512 in India"
"514","UDC 514 - 5 class subdivision","Study of 514","Handbook of 514","514 in India"
"523","UDC 523 - 5 class subdivision","Study of 523","Handbook of 523","523 in India"
"530.145","UDC 530.145 - 5 class subdivision","Study of 530.145","Handbook of 530.145","530.145 in India"
"541","UDC 541 - 5 class subdivision","Study of 541","Handbook of 541","541 in India"
"542","UDC 542 - 5 class subdivision","Study of 542","Handbook of 542","542 in India"
"543","UDC 543 - 5 class subdivision","Study of 543","Handbook of 543","543 in India"
"546.22","Sulphur (in iron and steel)","Sulphur (in iron and steel)","Handbook of sulphur (in iron and steel)","Sulphur (in iron and steel) in India"
"549.091","Precious stones","Precious stones","Handbook of precious stones","Precious stones in India"
"551","UDC 551 - 5 class subdivision","Study of 551","Handbook of 551","551 in India"
"572","UDC 572 - 5 class subdivision","Study of 572","Handbook of 572","572 in India"
"576.8.095","Physiology; metabolism; growth; etc","Physiology, metabolism, growth, etc","Handbook of physiology, metabolism, growth, etc","Physiology, metabolism, growth, etc in India"
"581","UDC 581 - 5 class subdivision","Study of 581","Handbook of 581","581 in India"
"592/599","UDC 592/599 - 5 class subdivision","Study of 592/599","Handbook of 592/599","592/599 in India"
"595.7","UDC 595.7 - 5 class subdivision","Study of 595.7","Handbook of 595.7","595.7 in India"
"598.2","UDC 598.2 - 5 class subdivision","Study of 598.2","Handbook of 598.2","598.2 in India"
"611","UDC 611 - 6 class subdivision","Study of 611","Handbook of 611","611 in India"
"612","UDC 612 - 6 class subdivision","Study of 612","Handbook of 612","612 in India"
"613","UDC 613 - 6 class subdivision","Study of 613","Handbook of 613","613 in India"
"615","UDC 615 - 6 class subdivision","Study of 615","Handbook of 615","615 in India"
"616.717.5/.6.","Cf; Arm(s); Limb(s)","Cf, Arm(s); Limb(s)","Handbook of cf, arm(s); limb(s)","Cf, Arm(s); Limb(s) in India"
"617","UDC 617 - 6 class subdivision","Study of 617","Handbook of 617","617 in India"
"620","UDC 620 - 6 class subdivision","Study of 620","Handbook of 620","620 in India"
"620.9","UDC 620.9 - 6 class subdivision","Study of 620.9","Handbook of 620.9","620.9 in India"
"621","UDC 621 - 6 class subdivision","Study of 621","Handbook of 621","621 in India"
"621.039","Nuclear technology","Nuclear technology","Handbook of nuclear technology","Nuclear technology in India"
"621.039.524.2.034.3.077","Thennal re-","Thennal re-","Handbook of thennal re-","Thennal re- in India"
"621.22","Hydraulic","Hydraulic","Handbook of hydraulic","Hydraulic in India"
"621.3","Electrical engineering","Electrical engineering","Handbook of electrical engineering","Electrical engineering in India"
"621.38","Electronics","Electronics","Handbook of electronics","Electronics in India"
"621.7/.9","Workshop practice","Workshop practice","Handbook of workshop practice","Workshop practice in India"
"622","Mineworkers","Mineworkers","Handbook of mineworkers","Mineworkers in India"
"624","UDC 624 - 6 class subdivision","Study of 624","Handbook of 624","624 in India"
"624.92/.93.","Cf; Arch","Cf, Arch","Handbook of cf, arch","Cf, Arch in India"
"624/628","Civil engineering (equivalent to","Civil engineering (equivalent to","Handbook of civil engineering (equivalent to","Civil engineering (equivalent to in India"
"625","UDC 625 - 6 class subdivision","Study of 625","Handbook of 625","625 in India"
"626","UDC 626 - 6 class subdivision","Study of 626","Handbook of 626","626 in India"
"627","Hllrbour and","Hllrbour and","Handbook of hllrbour and","Hllrbour and in India"
"628","Public health","Public health","Handbook of public health","Public health in India"
"631","UDC 631 - 6 class subdivision","Study of 631","Handbook of 631","631 in India"
"636","UDC 636 - 6 class subdivision","Study of 636","Handbook of 636","636 in India"
"638","Carbonates","Carbonates","Handbook of carbonates","Carbonates in India"
"641","UDC 641 - 6 class subdivision","Study of 641","Handbook of 641","641 in India"
"651","UDC 651 - 6 class subdivision","Study of 651","Handbook of 651","651 in India"
"657","UDC 657 - 6 class subdivision","Study of 657","Handbook of 657","657 in India"
"658","UDC 658 - 6 class subdivision","Study of 658","Handbook of 658","658 in India"
"661","UDC 661 - 6 class subdivision","Study of 661","Handbook of 661","661 in India"
"664.6/.7","Baking; flour milling","Baking, flour milling","Handbook of baking, flour milling","Baking, flour milling in India"
"666.8/.9","Gypsum; lime; cement","Gypsum, lime, cement","Handbook of gypsum, lime, cement","Gypsum, lime, cement in India"
"667.0/.3","Textile finishing","Textile finishing","Handbook of textile finishing","Textile finishing in India"
"669.848/.849","Technetium (Masurium)","Technetium (Masurium)","Handbook of technetium (masurium)","Technetium (Masurium) in India"
"669.871/.873","Gallium","Gallium","Handbook of gallium","Gallium in India"
"675.02","Working processes","Working processes","Handbook of working processes","Working processes in India"
"681.3","Computer science. Informatics","Computer science fundamentals","Introduction to computers","Programming handbook"
"681.3:007.52","UDC 681.3:007.52 - 6 class subdivision","Study of 681.3:007.52","Handbook of 681.3:007.52","681.3:007.52 in India"
"683.35","Cf Shaft keys","Cf Shaft keys","Handbook of cf shaft keys","Cf Shaft keys in India"
"790","UDC 790 - 7 class subdivision","Study of 790","Handbook of 790","790 in India"
"791","UDC 791 - 7 class subdivision","Study of 791","Handbook of 791","791 in India"
"792","UDC 792 - 7 class subdivision","Study of 792","Handbook of 792","792 in India"
"794","Scandium","Scandium","Handbook of scandium","Scandium in India"
"796","UDC 796 - 7 class subdivision","Study of 796","Handbook of 796","796 in India"
"796.33","UDC 796.33 - 7 class subdivision","Study of 796.33","Handbook of 796.33","796.33 in India"
"796.358","UDC 796.358 - 7 class subdivision","Study of 796.358","Handbook of 796.358","796.358 in India"
"811","UDC 811 - 8 class subdivision","Study of 811","Handbook of 811","811 in India"
"820","English literature","English literature","Handbook of english literature","English literature in India"
"820(73)","UDC 820(73) - 8 class subdivision","Study of 820(73)","Handbook of 820(73)","820(73) in India"
"820-1","English poetry","English poetry","Handbook of english poetry","English poetry in India"
"820-2","English drama","English drama collection","Shakespearean drama","Modern English drama"
"820-3","English fiction. English novel","English fiction","Handbook of english fiction","English fiction in India"
"830","Goethe","Goethe","Handbook of goethe","Goethe in India"
"840","UDC 840 - 8 class subdivision","Study of 840","Handbook of 840","840 in India"
"850","UDC 850 - 8 class subdivision","Study of 850","Handbook of 850","850 in India"
"860","UDC 860 - 8 class subdivision","Study of 860","Handbook of 860","860 in India"
"882","UDC 882 - 8 class subdivision","Study of 882","Handbook of 882","882 in India"
"891.2","UDC 891.2 - 8 class subdivision","Study of 891.2","Handbook of 891.2","891.2 in India"
"891.42","UDC 891.42 - 8 class subdivision","Study of 891.42","Handbook of 891.42","891.42 in India"
"891.43","UDC 891.43 - 8 class subdivision","Study of 891.43","Handbook of 891.43","891.43 in India"
"892.4","Hebrew literature (parallel to 492","Hebrew literature (parallel to 492","Handbook of hebrew literature (parallel to 492","Hebrew literature (parallel to 492 in India"
"910","UDC 910 - 9 class subdivision","Study of 910","Handbook of 910","910 in India"
"929.1/.5","Genealogy","Genealogy","Handbook of genealogy","Genealogy in India"
"930","UDC 930 - 9 class subdivision","Study of 930","Handbook of 930","930 in India"
"940","UDC 940 - 9 class subdivision","Study of 940","Handbook of 940","940 in India"
"950","UDC 950 - 9 class subdivision","Study of 950","Handbook of 950","950 in India"
"954","UDC 954 - 9 class subdivision","Study of 954","Handbook of 954","954 in India"
"973","Lightweight concretes","Lightweight concretes","Handbook of lightweight concretes","Lightweight concretes in India"